1,Riley,21,555-769-1796,Canada,2021-10-12 12:05:25.36794
2,Fred,20,555-431-1819,Solomon Islands,2023-12-17 12:12:33.949789
3,Colleen,48,555-529-6178,Paraguay,2020-03-11 03:27:21.157802
4,Bruce,20,555-300-7808,Montenegro,2014-09-06 14:07:59.480133
5,Brady,24,555-554-4871,United Arab Emirates,2022-06-11 08:51:17.504849
6,Danny,36,555-874-5560,United Arab Emirates,2021-10-13 03:58:57.016319
7,Wayne,24,555-843-5526,Bolivia,2023-03-31 02:37:02.231916
8,Duane,47,555-688-5563,Maldives,2017-06-05 11:59:40.847385
9,Brittany,36,555-859-6440,Kyrgyz Republic,2022-03-17 02:40:54.286489
19,Tom,31,555-295-1463,Kiribati,2014-10-13 06:33:03.876711
31,Corey,41,555-222-3353,Fiji,2023-03-12 16:02:56.305522
32,Darrell,23,555-613-5810,Mali,2014-11-22 21:04:55.552466
33,Hunter,39,555-331-4193,Isle of Man,2021-08-12 08:03:52.225638
34,Eileen,42,555-365-2070,Liberia,2021-04-08 13:06:51.524308
35,Richard,45,555-256-8467,Morocco,2019-08-02 20:14:16.642786
36,Chad,21,555-347-9032,Oman,2016-03-13 16:11:47.695819
37,Anita,45,555-553-4532,Russian Federation,2014-06-21 02:24:58.781479
38,Caroline,32,555-243-1681,Western Sahara,2014-12-06 15:57:43.007365
39,Candice,21,555-432-3768,Zimbabwe,2016-08-12 07:03:20.677243
40,Rhonda,50,555-530-8843,Monaco,2020-06-20 13:36:43.671304
41,Sherry,23,555-996-2313,Poland,2017-02-19 01:45:11.073461
42,Alison,37,555-696-8035,Benin,2018-12-28 11:20:34.269624
43,Kelli,37,555-391-8548,Sao Tome and Principe,2021-09-15 01:12:14.572111
44,Geoffrey,35,555-545-6073,Uzbekistan,2016-09-12 07:05:56.115176
45,Gloria,40,555-451-1739,Ghana,2022-02-17 07:12:59.763559
46,Sheryl,43,555-660-4550,Cyprus,2017-09-20 01:30:56.144804
47,Aimee,32,555-996-3287,Bosnia and Herzegovina,2023-12-29 14:54:45.215065
48,Jack,41,555-642-1703,Zimbabwe,2023-07-28 16:54:34.65672
49,Maxwell,36,555-800-9805,Malta,2021-06-30 05:42:40.35503
50,Lynn,28,555-546-4721,Portugal,2014-10-09 05:18:59.763501
51,Shelley,46,555-852-6085,Togo,2021-09-08 19:43:14.088925
52,Tracey,25,555-453-6476,Togo,2019-04-30 13:27:06.861666
53,Chloe,23,555-888-1392,Netherlands,2023-11-24 01:54:48.181476
54,Preston,20,555-291-6568,Djibouti,2023-12-30 18:05:07.483111
55,Joanne,43,555-643-1520,Palau,2022-06-29 11:58:31.847474
56,Marcus,32,555-615-4932,Panama,2014-07-06 06:33:40.159778
57,Joanna,44,555-418-6235,Slovakia (Slovak Republic),2024-02-15 03:02:16.921457
58,Frederick,38,555-677-9170,Switzerland,2019-05-21 01:00:04.121814
59,Tom,30,555-155-7740,Denmark,2022-06-27 02:46:23.455709
60,Latoya,37,555-621-3131,Belarus,2022-05-16 23:43:49.576827
61,Linda,35,555-583-7669,Dominican Republic,2014-09-14 20:23:30.118328
62,Jenna,50,555-603-3832,Vietnam,2016-09-24 12:18:53.720453
63,Jordan,38,555-803-9585,Solomon Islands,2016-02-15 17:29:12.093965
64,Tammie,40,555-977-1714,Belize,2024-01-09 14:46:54.143417
65,Stacie,26,555-439-7522,Madagascar,2014-06-04 01:03:10.844502
66,Miranda,39,555-587-7474,Oman,2016-04-27 08:38:22.394517
67,Lori,28,555-810-5437,Namibia,2018-03-10 17:07:19.0066
68,Gabriel,36,555-497-7705,Liechtenstein,2016-10-11 10:37:39.106723
69,Darren,38,555-778-8432,Pitcairn Islands,2015-07-05 22:36:31.966259
70,Alexandria,47,555-484-8186,Iran,2018-09-15 03:24:06.22398
71,Laurie,34,555-578-9170,Dominica,2018-05-16 07:07:19.053171
72,Greg,28,555-636-8689,Mozambique,2015-07-30 18:19:54.683199
73,Shane,26,555-511-7218,Hungary,2019-12-19 09:29:42.105054
74,Cassidy,23,555-805-9205,Myanmar,2023-05-30 16:04:41.867487
75,Phyllis,20,555-535-4154,Saint Barthelemy,2016-06-21 15:16:20.584554
76,Joanna,45,555-199-9681,French Polynesia,2017-09-24 20:03:51.947211
77,Eddie,46,555-370-6106,Ethiopia,2022-03-20 22:03:13.261535
78,Karl,46,555-733-5756,Guyana,2019-05-27 14:13:58.370323
79,Debra,36,555-101-2733,United States Virgin Islands,2022-01-17 13:26:15.453674
80,Yvonne,23,555-637-6725,Aruba,2014-03-18 07:06:08.532392
81,Robin,46,555-185-9347,Ecuador,2018-03-07 09:47:48.749378
82,Virginia,43,555-639-5377,French Southern Territories,2014-07-28 05:58:40.245317
83,Kiara,39,555-771-8021,Netherlands,2019-08-07 08:52:53.528145
84,Dakota,49,555-296-9869,Belarus,2023-04-16 20:18:06.854956
85,Nicholas,49,555-978-6370,Uruguay,2022-02-26 03:27:15.872435
86,Fernando,40,555-565-1819,Lithuania,2020-07-28 05:45:18.210932
87,Shane,40,555-141-4025,Albania,2016-02-20 18:05:40.322211
88,Bryan,24,555-700-7035,Burkina Faso,2022-06-14 07:01:54.600747
89,Samuel,20,555-444-5951,Algeria,2018-01-28 08:14:13.30274
90,Sheryl,26,555-754-5146,Chile,2023-06-25 07:18:02.019757
91,Kent,28,555-390-2071,Tanzania,2021-06-20 10:53:44.226924
92,Kristine,29,555-127-5257,Sri Lanka,2019-03-03 17:22:40.707786
93,Makayla,34,555-597-5185,New Caledonia,2022-06-25 08:41:38.853765
94,Michelle,29,555-622-3271,Timor-Leste,2016-08-10 03:03:25.760566
95,Kathy,46,555-629-6437,South Georgia and the South Sandwich Islands,2023-12-24 18:56:03.210954
96,Natalie,22,555-993-6911,Dominican Republic,2022-12-28 02:11:19.205165
97,Roy,38,555-955-9227,Antigua and Barbuda,2017-10-13 20:09:07.38889
98,Regina,33,555-230-3790,Solomon Islands,2017-08-28 02:17:34.431383
99,Carl,23,555-912-2488,Guernsey,2017-07-04 14:36:41.693005
100,Faith,44,555-602-5867,Bahamas,2017-05-07 02:34:54.216587
10,Lynn,49,555-228-2846,Sri Lanka,2017-04-17 14:50:19.502136
11,Collin,36,555-426-8388,Anguilla,2018-06-28 19:13:42.055993
12,Patricia,45,555-350-3487,Swaziland,2024-01-22 13:19:26.322708
13,Sherry,47,555-833-6681,Solomon Islands,2015-10-04 03:53:08.292738
14,Clifford,30,555-492-8389,South Georgia and the South Sandwich Islands,2014-05-10 08:01:35.728808
15,Gerald,27,555-948-1220,Canada,2020-12-25 11:03:07.596625
16,Vernon,30,555-466-9687,Yemen,2016-12-26 04:01:29.74319
17,Faith,33,555-390-9391,Singapore,2016-10-17 10:12:42.177861
18,Kathleen,46,555-449-3041,Saint Vincent and the Grenadines,2020-10-01 23:38:45.972269
20,Nina,48,555-165-7153,Bhutan,2019-11-22 21:50:10.314225
21,Brett,28,555-517-1424,Bulgaria,2022-04-02 16:33:31.876951
22,Ralph,25,555-648-6107,Palestinian Territory,2017-03-09 07:08:30.052027
23,Leslie,34,555-513-4872,Micronesia,2019-03-24 14:01:16.5991
25,Alejandro,46,555-966-1182,Iceland,2022-05-02 01:58:55.92931
26,Luis,34,555-445-1845,Bulgaria,2014-12-02 20:02:33.93108
27,Janet,23,555-999-3951,Lao People's Democratic Republic,2018-07-31 20:54:59.11855
28,Emma,44,555-408-2063,New Zealand,2016-11-27 23:03:29.108041
29,Kaitlyn,40,555-973-2712,United States of America,2017-01-07 13:04:55.614252
30,Stefanie,49,555-997-8239,Saint Vincent and the Grenadines,2020-10-23 13:27:35.991722
24,Clarence,41,555-434-1567,Honduras,2016-05-22 18:53:15.2254
